contamination,AUROC,AUPRC
0.05,0.846910844217585,0.7934772038620492
