variant	n_features	f1	roc_auc
full	24	0.77528912311521	0.8429180322742057
selected	5	0.7760141093474426	0.8367468726544909
no_microhomology	22	0.7778429073856975	0.845323992994746
