variant	n_features	f1	roc_auc
full	24	0.7764602547211242	0.8458581748811609
selected	4	0.776767380463479	0.8368593632724544
no_microhomology	22	0.7761457109283196	0.844442488116087
