model	acc	prec	rec	f1	auc
GradientBoosting (tuned)	0.8090533950231337	0.9367714588484636	0.663	0.7764602547211242	0.8458581748811609
CNN1D (final held-out test)	0.90925	0.8723839854413102	0.95875	0.913530252501191	0.9606900000000002
