model	acc	prec	rec	f1	auc
GradientBoosting (tuned)	0.8090533950231337	0.9367714588484636	0.663	0.7764602547211242	0.8458581748811609
CNN1D (final held-out test)	0.90475	0.8779178338001867	0.94025	0.9080154514727184	0.95794528125
