loss	acc	prec	rec	f1	auc
0.30339467579126356	0.90925	0.8723839854413102	0.95875	0.913530252501191	0.9606900000000002
