epoch	train_loss	test_loss	test_acc	test_f1	test_auc
1	0.693058	0.691845	0.524844	0.101094	0.543622
2	0.690687	0.679737	0.534375	0.238241	0.542826
