{
  "model": "catboost",
  "cv_accuracy_mean": 0.8100107051391655,
  "cv_accuracy_std": 0.0035901481637170183,
  "cv_f1_mean": 0.7768763018358904,
  "cv_f1_std": 0.005223369242449206,
  "test_accuracy": 0.8025509566087283,
  "test_precision": 0.9362162162162162,
  "test_recall": 0.6495,
  "test_f1": 0.7669372693726937,
  "test_roc_auc": 0.8392314548411309,
  "n_train": 31986,
  "n_test": 7997
}