{
  "model": "knn",
  "cv_accuracy_mean": 0.7887828593457498,
  "cv_accuracy_std": 0.006055485688355227,
  "cv_f1_mean": 0.7540623429284037,
  "cv_f1_std": 0.007494868918380433,
  "test_accuracy": 0.7894210328873328,
  "test_precision": 0.8998618784530387,
  "test_recall": 0.6515,
  "test_f1": 0.755800464037123,
  "test_roc_auc": 0.8318567675756818,
  "n_train": 31986,
  "n_test": 7997
}