{
  "model": "knn",
  "cv_accuracy_mean": 0.7813415732982447,
  "cv_accuracy_std": 0.010772353753979677,
  "cv_f1_mean": 0.7534207196779351,
  "cv_f1_std": 0.006146464433634521,
  "test_accuracy": 0.7820432662248343,
  "test_precision": 0.8919763806877388,
  "test_recall": 0.642,
  "test_f1": 0.7466201482773659,
  "test_roc_auc": 0.8147072804603452,
  "n_train": 31986,
  "n_test": 7997
}