{
  "model": "linear_svm_calibrated",
  "cv_accuracy_mean": 0.7934096569473724,
  "cv_accuracy_std": 0.00436348767529523,
  "cv_f1_mean": 0.7517070050742248,
  "cv_f1_std": 0.0059058150808025634,
  "test_accuracy": 0.7890458922095785,
  "test_precision": 0.944978838014621,
  "test_recall": 0.614,
  "test_f1": 0.7443552053341416,
  "test_roc_auc": 0.8204630660495371,
  "n_train": 31986,
  "n_test": 7997
}