{
  "model": "logreg_l2",
  "cv_accuracy_mean": 0.7935034557999234,
  "cv_accuracy_std": 0.004498132104559628,
  "cv_f1_mean": 0.7516777183592837,
  "cv_f1_std": 0.006123518544355667,
  "test_accuracy": 0.7890458922095785,
  "test_precision": 0.9453215248363497,
  "test_recall": 0.61375,
  "test_f1": 0.744277701985751,
  "test_roc_auc": 0.8206533962972229,
  "n_train": 31986,
  "n_test": 7997
}