{
  "model": "mlp",
  "cv_accuracy_mean": 0.7941287146996606,
  "cv_accuracy_std": 0.00391940651154586,
  "cv_f1_mean": 0.752833915432192,
  "cv_f1_std": 0.005557768224465609,
  "test_accuracy": 0.7894210328873328,
  "test_precision": 0.9314456035767511,
  "test_recall": 0.625,
  "test_f1": 0.7480550568521843,
  "test_roc_auc": 0.8192826807605704,
  "n_train": 31986,
  "n_test": 7997
}