{
  "model": "mlp",
  "cv_accuracy_mean": 0.7927221326150118,
  "cv_accuracy_std": 0.007215220781854749,
  "cv_f1_mean": 0.7507047856436794,
  "cv_f1_std": 0.009433896359356467,
  "test_accuracy": 0.7947980492684756,
  "test_precision": 0.9399477806788512,
  "test_recall": 0.63,
  "test_f1": 0.7543780871127077,
  "test_roc_auc": 0.8285011258443832,
  "n_train": 31986,
  "n_test": 7997
}