{
  "model": "random_forest",
  "cv_accuracy_mean": 0.7995061181333878,
  "cv_accuracy_std": 0.003581244513243453,
  "cv_f1_mean": 0.7700263211652781,
  "cv_f1_std": 0.00577920357137516,
  "test_accuracy": 0.7877954232837314,
  "test_precision": 0.8936752136752136,
  "test_recall": 0.6535,
  "test_f1": 0.7549458483754513,
  "test_roc_auc": 0.8343584563422567,
  "n_train": 31986,
  "n_test": 7997
}