{
  "model": "xgboost",
  "cv_accuracy_mean": 0.8070719497060278,
  "cv_accuracy_std": 0.004146706828303195,
  "cv_f1_mean": 0.7742953213543664,
  "cv_f1_std": 0.006028729209136289,
  "test_accuracy": 0.7999249718644492,
  "test_precision": 0.9285714285714286,
  "test_recall": 0.65,
  "test_f1": 0.7647058823529411,
  "test_roc_auc": 0.8388426007005254,
  "n_train": 31986,
  "n_test": 7997
}