loss	acc	prec	rec	f1	auc
0.30409264358878135	0.90475	0.8779178338001867	0.94025	0.9080154514727184	0.95794528125
