{
  "model": "knn",
  "cv_accuracy_mean": 0.7862502072541722,
  "cv_accuracy_std": 0.004037582606020772,
  "cv_f1_mean": 0.7535902439802424,
  "cv_f1_std": 0.006158478422967173,
  "test_accuracy": 0.7896711266725022,
  "test_precision": 0.902990264255911,
  "test_recall": 0.64925,
  "test_f1": 0.7553810354857475,
  "test_roc_auc": 0.8208976732549411,
  "n_train": 31986,
  "n_test": 7997
}