{
  "model": "mlp",
  "cv_accuracy_mean": 0.7931282897094962,
  "cv_accuracy_std": 0.004437618034003483,
  "cv_f1_mean": 0.7513794847060163,
  "cv_f1_std": 0.0067375092358134886,
  "test_accuracy": 0.7930473927722896,
  "test_precision": 0.9490616621983914,
  "test_recall": 0.6195,
  "test_f1": 0.749659658145515,
  "test_roc_auc": 0.8296109894921191,
  "n_train": 31986,
  "n_test": 7997
}