epoch	train_loss	test_loss	test_acc
1	0.693232	0.690175	0.518375
2	0.680418	0.675576	0.524125
